title,year,production_company,category,type,phase,poster
Toy Story,1995,Pixar,Movie,Animated,,https://m.media-amazon.com/images/M/MV5BMDU2ZWJlMjktMTRhMy00ZTA5LWEzNDgtYmNmZTEwZTViZWJkXkEyXkFqcGdeQXVyNDQ2OTk4MzI@._V1_.jpg
Brink!,1998,Disney Channel,Movie,Animated,,https://upload.wikimedia.org/wikipedia/en/7/74/Disney_-_Brink.jpg
A Bug’s Life,1998,Pixar,Movie,Animated,,https://m.media-amazon.com/images/M/MV5BNThmZGY4NzgtMTM4OC00NzNkLWEwNmEtMjdhMGY5YTc1NDE4XkEyXkFqcGdeQXVyMTQxNzMzNDI@._V1_FMjpg_UX1000_.jpg
Toy Story 2,1999,Pixar,Movie,Animated,,https://m.media-amazon.com/images/M/MV5BMWM5ZDcxMTYtNTEyNS00MDRkLWI3YTItNThmMGExMWY4NDIwXkEyXkFqcGdeQXVyNjUwNzk3NDc@._V1_.jpg
"Monsters, Inc",2001,Pixar,Movie,Animated,,https://lumiere-a.akamaihd.net/v1/images/p_monstersinc_19751_55afa07a.jpeg
Finding Nemo,2003,Pixar,Movie,Animated,,https://m.media-amazon.com/images/M/MV5BYjZlNzkzNzctZTY0NS00YmZhLThjNWMtMTViYWNlM2IyMzZiXkEyXkFqcGdeQXVyODk1MjAxNzQ@._V1_FMjpg_UX1000_.jpg
The Incredibles,2004,Pixar,Movie,Animated,,https://m.media-amazon.com/images/M/MV5BMTY5OTU0OTc2NV5BMl5BanBnXkFtZTcwMzU4MDcyMQ@@._V1_.jpg
Cars,2006,Pixar,Movie,Animated,,https://cdn.shopify.com/s/files/1/1416/8662/products/cars_2006_french_grande_advance_original_film_art_f_1200x.jpg?v=1586352664
Ratatouille,2007,Pixar,Movie,Animated,,https://pisces.bbystatic.com/image2/BestBuy_US/images/products/8523/8523261_sa.jpg;maxHeight=640;maxWidth=550
Wall-E,2008,Pixar,Movie,Animated,,https://lumiere-a.akamaihd.net/v1/images/p_walle_19753_69f7ff00.jpeg
Up,2009,Pixar,Movie,Animated,,https://m.media-amazon.com/images/M/MV5BMTk3NDE2NzI4NF5BMl5BanBnXkFtZTgwNzE1MzEyMTE@._V1_.jpg
Toy Story 3,2010,Pixar,Movie,Animated,,https://m.media-amazon.com/images/M/MV5BMTgxOTY4Mjc0MF5BMl5BanBnXkFtZTcwNTA4MDQyMw@@._V1_.jpg
Cars 2,2011,Pixar,Movie,Animated,,https://m.media-amazon.com/images/M/MV5BMTUzNTc3MTU3M15BMl5BanBnXkFtZTcwMzIxNTc3NA@@._V1_.jpg
Brave,2012,Pixar,Movie,Animated,,https://lumiere-a.akamaihd.net/v1/images/p_brave_20488_9e833e2b.jpeg?region=0%2C0%2C540%2C810
Monsters University,2013,Pixar,Movie,Animated,,https://m.media-amazon.com/images/M/MV5BMTUyODgwMDU3M15BMl5BanBnXkFtZTcwOTM4MjcxOQ@@._V1_.jpg
The Good Dinosaur,2015,Pixar,Movie,Animated,,https://m.media-amazon.com/images/M/MV5BMTc5MTg2NjQ4MV5BMl5BanBnXkFtZTgwNzcxOTY5NjE@._V1_.jpg
Inside Out,2015,Pixar,Movie,Animated,,https://m.media-amazon.com/images/M/MV5BOTgxMDQwMDk0OF5BMl5BanBnXkFtZTgwNjU5OTg2NDE@._V1_.jpg
Finding Dory,2016,Pixar,Movie,Animated,,https://m.media-amazon.com/images/M/MV5BNzg4MjM2NDQ4MV5BMl5BanBnXkFtZTgwMzk3MTgyODE@._V1_.jpg
Cars 3,2017,Pixar,Movie,Animated,,https://lumiere-a.akamaihd.net/v1/images/p_cars3_19643_3ab8aca1.jpeg
Coco,2017,Pixar,Movie,Animated,,https://m.media-amazon.com/images/M/MV5BYjQ5NjM0Y2YtNjZkNC00ZDhkLWJjMWItN2QyNzFkMDE3ZjAxXkEyXkFqcGdeQXVyODIxMzk5NjA@._V1_.jpg
Incredibles 2,2018,Pixar,Movie,Animated,,https://m.media-amazon.com/images/M/MV5BMTEzNzY0OTg0NTdeQTJeQWpwZ15BbWU4MDU3OTg3MjUz._V1_FMjpg_UX1000_.jpg
Toy Story 4,2019,Pixar,Movie,Animated,,https://m.media-amazon.com/images/M/MV5BMTYzMDM4NzkxOV5BMl5BanBnXkFtZTgwNzM1Mzg2NzM@._V1_.jpg
Soul,2020,Pixar,Movie,Animated,,https://m.media-amazon.com/images/M/MV5BZGE1MDg5M2MtNTkyZS00MTY5LTg1YzUtZTlhZmM1Y2EwNmFmXkEyXkFqcGdeQXVyNjA3OTI0MDc@._V1_.jpg
Onward,2020,Pixar,Movie,Animated,,https://images.moviesanywhere.com/49e7a444a55f2c0cf7ebe793a8f4daeb/a3610d00-c674-4651-9148-755e9f76959b.jpg
Luca,2021,Pixar,Movie,Animated,,https://m.media-amazon.com/images/M/MV5BZTQyNTU0MDktYTFkYi00ZjNhLWE2ODctMzBkM2U1ZTk3YTMzXkEyXkFqcGdeQXVyNTI4MzE4MDU@._V1_.jpg
Snow White and the Seven Dwarfs,1937,Disney,Movie,Animated,,https://upload.wikimedia.org/wikipedia/en/4/49/Snow_White_1937_poster.png
Fantasia,1940,Disney,Movie,Animated,,https://upload.wikimedia.org/wikipedia/en/1/12/Fantasia-poster-1940.jpg
Pinocchio,1940,Disney,Movie,Animated,,https://upload.wikimedia.org/wikipedia/en/b/ba/Pinocchio-1940-poster.jpg
The Reluctant Dragon,1941,Disney,Movie,Animated,,https://musicart.xboxlive.com/7/90b31300-0000-0000-0000-000000000002/504/image.jpg?w=1920&h=1080
Dumbo,1941,Disney,Movie,Animated,,https://m.media-amazon.com/images/M/MV5BNWVmNWQ2OTQtNzJlNC00ZmQwLTg4ZTktZTNmM2IxZTlkOGM3L2ltYWdlXkEyXkFqcGdeQXVyNTAyODkwOQ@@._V1_.jpg
Bambi,1942,Disney,Movie,Animated,,https://www.filmsite.org/photos/bambi-poster.jpg
Saludos Amigos,1943,Disney,Movie,Animated,,https://m.media-amazon.com/images/M/MV5BYzQxZmRiMDgtNDg4ZS00ODE2LTlkZGMtYWNkZmE4ZjJjNzMzXkEyXkFqcGdeQXVyNDY2MTk1ODk@._V1_.jpg
Victory Through Air Power,1943,Disney,Movie,Animated,,https://upload.wikimedia.org/wikipedia/en/a/a8/Victory_Through_Air_Power_poster.jpg
The Three Caballeros,1944,Disney,Movie,Animated,,https://lumiere-a.akamaihd.net/v1/images/p_threecaballeros_19641_f9303749.jpeg
Song of the South,1946,Disney,Movie,Animated,,https://m.media-amazon.com/images/I/91AFbe5AJOL._AC_SL1500_.jpg
Make Mine Music,1946,Disney,Movie,Animated,,https://lumiere-a.akamaihd.net/v1/images/p_makeminemusic_19893_63e8c647.jpeg
Fun & Fancy Free,1947,Disney,Movie,Animated,,https://lumiere-a.akamaihd.net/v1/images/p_funandfancyfree_19641_233db24d.jpeg
Melody Time,1948,Disney,Movie,Animated,,https://m.media-amazon.com/images/M/MV5BMTI1NTM1MDAxMV5BMl5BanBnXkFtZTYwNzgwNjk4._V1_.jpg
So Dear to My Heart,1948,Disney,Movie,Animated,,https://upload.wikimedia.org/wikipedia/en/a/ab/So_Dear_to_My_Heart_poster.jpg
The Adventures of Ichabod and Mr. Toad,1949,Disney,Movie,Animated,,https://m.media-amazon.com/images/I/81PZf85x4mL._SL1445_.jpg
Cinderella,1950,Disney,Movie,Animated,,https://m.media-amazon.com/images/M/MV5BMTgwMjU2NzY2NF5BMl5BanBnXkFtZTgwODYyNTM3MjE@._V1_FMjpg_UX1000_.jpg
Alice in Wonderland,1951,Disney,Movie,Animated,,https://lumiere-a.akamaihd.net/v1/images/p_aliceinwonderland_19875_ad409a49.jpeg
Peter Pan,1953,Disney,Movie,Animated,,https://static.wikia.nocookie.net/goldenthroats/images/e/ed/Disneypeterpan.jpg/revision/latest?cb=20150420144526
Lady and the Tramp,1955,Disney,Movie,Animated,,https://lumiere-a.akamaihd.net/v1/images/p_ladyandthetramp_19879_a178c3df.jpeg?region=0%2C0%2C540%2C810
Sleeping Beauty,1959,Disney,Movie,Animated,,https://lumiere-a.akamaihd.net/v1/images/p_sleepingbeauty_20525_0cc9243a.jpeg
101 Dalmatians (Animated),1961,Disney,Movie,Animated,,https://upload.wikimedia.org/wikipedia/en/c/cd/One_Hundred_and_One_Dalmatians_movie_poster.jpg
The Sword in the Stone,1963,Disney,Movie,Animated,,https://m.media-amazon.com/images/M/MV5BODc2MjAyZDYtNWYwZi00YTQwLWE0ZDMtMjM2NTJmYWMxMmQ0XkEyXkFqcGdeQXVyNTQxMTIxMTk@._V1_FMjpg_UX1000_.jpg
The Jungle Book,1967,Disney,Movie,Animated,,https://upload.wikimedia.org/wikipedia/en/1/1d/Thejunglebook_movieposter.jpg
The AristoCats,1970,Disney,Movie,Animated,,https://lumiere-a.akamaihd.net/v1/images/p_thearistocats_19754_9f944ce1.jpeg
Robin Hood,1973,Disney,Movie,Animated,,https://m.media-amazon.com/images/M/MV5BYjUwMzhkM2ItMTU2OC00OTQ5LWJlMDUtMzRmYjc0NDUyNGVhL2ltYWdlL2ltYWdlXkEyXkFqcGdeQXVyMTQxNzMzNDI@._V1_.jpg
Pete's Dragon,1977,Disney,Movie,Animated,,https://m.media-amazon.com/images/M/MV5BMjJkMjcyOTktYTIwNC00MTY3LWE4ZTAtMTdlODg0NDE3YTQ1XkEyXkFqcGdeQXVyNjM1MTQ0NTQ@._V1_.jpg
The Many Adventures of Winnie the Pooh,1977,Disney,Movie,Animated,,https://m.media-amazon.com/images/M/MV5BNjg5MjQzYTQtMTUzZC00NzlkLTgzZDEtMjg0OWY4NTNjNzJlXkEyXkFqcGdeQXVyNjI4MjU4MTY@._V1_FMjpg_UX1000_.jpg
The Rescuers,1977,Disney,Movie,Animated,,https://lumiere-a.akamaihd.net/v1/images/p_therescuers_19888_176119f8.jpeg
The Fox and the Hound,1981,Disney,Movie,Animated,,https://upload.wikimedia.org/wikipedia/en/7/70/The_Fox_and_the_Hound.jpg
Where the Toys Come From,1984,Disney,Movie,Animated,,https://m.media-amazon.com/images/I/51+0ZNDs3ML.jpg
The Black Cauldron,1985,Disney,Movie,Animated,,https://lumiere-a.akamaihd.net/v1/images/p_theblackcauldron_herobanner_19881_8a4bf0eb.jpeg
Basil - The Great Mouse Detective,1986,Disney,Movie,Animated,,https://static.tvtropes.org/pmwiki/pub/images/great_mouse_detective.png
The Brave Little Toaster,1987,Disney,Movie,Animated,,https://static.wikia.nocookie.net/disney/images/0/0e/The_Brave_Little_Toaster.png/revision/latest?cb=20140621170429
Oliver and Company,1988,Disney,Movie,Animated,,https://lumiere-a.akamaihd.net/v1/images/p_oliverandcompany_19880_a41f46fb.jpeg
The Little Mermaid,1989,Disney,Movie,Animated,,https://lumiere-a.akamaihd.net/v1/images/p_thelittlemermaid_6a6ef760.jpeg?region=0%2C0%2C300%2C450
DuckTales: The Movie - Treasure of the Lost Lamp,1990,Disney,Movie,Animated,,https://m.media-amazon.com/images/M/MV5BMGY1NjdiMmItMmE5MS00NjllLWJmM2ItMmU1ZTRjMWYyZjc4XkEyXkFqcGdeQXVyMjA0MDQ0Mjc@._V1_.jpg
The Rescuers Down Under,1990,Disney,Movie,Animated,,https://m.media-amazon.com/images/M/MV5BNjY1OWZkMjQtMDY0YS00ZGRiLTg1YjktMzlmZWQyZWMzZGI1L2ltYWdlL2ltYWdlXkEyXkFqcGdeQXVyMTQxNzMzNDI@._V1_.jpg
Beauty and the Beast,1991,Disney,Movie,Animated,,https://static.wikia.nocookie.net/beautyandthebeast2017/images/c/cd/BATB-1991.jpg/revision/latest?cb=20170319022717
Aladdin,1992,Disney,Movie,Animated,,https://www.sacramento365.com/wp-content/uploads/sites/www.sacramento365.com/images/2019/12/Aladdin-1992.jpg
The Nightmare Before Christmas,1993,Disney,Movie,Animated,,https://lumiere-a.akamaihd.net/v1/images/p_thenightmarebeforechristmas_19754_abc0f5f5.jpeg?region=0%2C0%2C540%2C810
The Lion King,1994,Disney,Movie,Animated,,https://m.media-amazon.com/images/M/MV5BYTYxNGMyZTYtMjE3MS00MzNjLWFjNmYtMDk3N2FmM2JiM2M1XkEyXkFqcGdeQXVyNjY5NDU4NzI@._V1_.jpg
Pocahontas,1995,Disney,Movie,Animated,,https://m.media-amazon.com/images/M/MV5BMzc4YzhiN2ItY2Y4NC00YTA0LWEyMjEtNzllNTcxZDdjODhiXkEyXkFqcGdeQXVyNTUyMzE4Mzg@._V1_.jpg
A Goofy Movie,1995,Disney,Movie,Animated,,https://lumiere-a.akamaihd.net/v1/images/p_agoofymovie_19641_e786ad86.jpeg?region=0%2C0%2C540%2C810
James and the Giant Peach,1996,Disney,Movie,Animated,,https://lumiere-a.akamaihd.net/v1/images/open-uri20150422-12561-1trg426_43761e30.jpeg
The Hunchback of Notre Dame,1996,Disney,Movie,Animated,,https://lumiere-a.akamaihd.net/v1/images/p_thehunchbackofnotredame_19900_f53cfc42.jpeg
Beauty and the Beast: The Enchanted Christmas,1997,Disney,Movie,Animated,,https://static.wikia.nocookie.net/disney/images/2/21/Beauty_and_the_Beast_The_Enchanted_Christmas.jpg/revision/latest?cb=20200512010417
Hercules,1997,Disney,Movie,Animated,,https://m.media-amazon.com/images/M/MV5BNzQ0YzYyMmItYjE2Ni00OTkzLTlhMTgtYjRjZDU2MjA1NTYyXkEyXkFqcGdeQXVyODA4OTIyMzY@._V1_.jpg
The Lion King II: Simba's Pride,1998,Disney,Movie,Animated,,https://upload.wikimedia.org/wikipedia/en/9/9b/The_Lion_King_II-Simba%27s_Pride_poster.jpg
A Bug's Life,1998,Disney,Movie,Animated,,https://m.media-amazon.com/images/M/MV5BNThmZGY4NzgtMTM4OC00NzNkLWEwNmEtMjdhMGY5YTc1NDE4XkEyXkFqcGdeQXVyMTQxNzMzNDI@._V1_FMjpg_UX1000_.jpg
Pocahontas II: Journey to a New World,1998,Disney,Movie,Animated,,https://upload.wikimedia.org/wikipedia/en/f/fb/PIIJTANW.jpg
Mulan,1998,Disney,Movie,Animated,,https://lumiere-a.akamaihd.net/v1/images/p_mulan_20529_83d3893a.jpeg
Tarzan,1999,Disney,Movie,Animated,,https://images.moviesanywhere.com/20d045e1f56c90654572c12c1f1ecda4/edac6ac7-344e-416c-8e99-a18139e8afa8.jpg
Doug's 1st Movie,1999,Disney,Movie,Animated,,https://static.wikia.nocookie.net/angry-grandpas-media-library/images/c/c5/A75621F2-6F56-43EA-9192-2C314FEFB0E6.jpeg/revision/latest?cb=20180821202821
Mickey's Once Upon a Christmas,1999,Disney,Movie,Animated,,https://m.media-amazon.com/images/M/MV5BMTI3OTI2NTI0N15BMl5BanBnXkFtZTcwNzQzMzYyMQ@@._V1_.jpg
Fantasia 2000,1999,Disney,Movie,Animated,,https://m.media-amazon.com/images/I/51DKP2JQ1ZL.jpg
Dinosaur,2000,Disney,Movie,Animated,,https://m.media-amazon.com/images/I/71EKlQ5I3RL._SY550_.jpg
"Little Mermaid II, The: Return to the Sea",2000,Disney,Movie,Animated,,https://m.media-amazon.com/images/M/MV5BYjMwNTkwYzktMWEzZC00MmQ5LWE5YjQtZWExY2ZjODExNDgyXkEyXkFqcGdeQXVyMTQxNzMzNDI@._V1_FMjpg_UX1000_.jpg
The Emperor's New Groove,2000,Disney,Movie,Animated,,https://m.media-amazon.com/images/M/MV5BZGQwNmFhNjctNzQ0Yy00ZmE5LWIyMTEtYTZhZWQ4OTFmNDI2L2ltYWdlL2ltYWdlXkEyXkFqcGdeQXVyNTMxMjgxMzA@._V1_.jpg
An Extremely Goofy Movie,2000,Disney,Movie,Animated,,https://m.media-amazon.com/images/M/MV5BNTJkNmQ1ODItNTJhOS00NWRhLTg0NjAtYjZlNWYxZWJmNTY4XkEyXkFqcGdeQXVyOTg4MDk3MTQ@._V1_FMjpg_UX1000_.jpg
The Tigger Movie,2000,Disney,Movie,Animated,,https://m.media-amazon.com/images/M/MV5BMjgwMjljMmItZGNkZC00MTY0LTllZDctZWQzYjYyMzczMTI0XkEyXkFqcGdeQXVyOTg4MDk3MTQ@._V1_.jpg
Lady and the Tramp II: Scamp's Adventure,2001,Disney,Movie,Animated,,https://upload.wikimedia.org/wikipedia/en/e/e9/Lady_and_the_Tramp_II_Scamp%27s_Adventure.jpg
Spirited Away,2001,Disney,Movie,Animated,,https://m.media-amazon.com/images/M/MV5BMjlmZmI5MDctNDE2YS00YWE0LWE5ZWItZDBhYWQ0NTcxNWRhXkEyXkFqcGdeQXVyMTMxODk2OTU@._V1_.jpg
Atlantis: The Lost Empire,2001,Disney,Movie,Animated,,https://m.media-amazon.com/images/I/51IfUrAHkLL._SY445_.jpg
Recess: School's Out,2001,Disney,Movie,Animated,,https://m.media-amazon.com/images/M/MV5BN2M5NDQ2YjktNmI0Zi00ODBmLWIyZGQtYTk3Y2EyYTM0ZTUzL2ltYWdlL2ltYWdlXkEyXkFqcGdeQXVyMTQxNzMzNDI@._V1_.jpg
Mickey's Magical Christmas: Snowed in at the House of Mouse,2001,Disney,Movie,Animated,,https://static.wikia.nocookie.net/disney/images/a/a0/Mickey%27s_Magical_Christmas.jpg/revision/latest?cb=20210103233208
Winnie the Pooh: A Very Merry Christmas,2002,Disney,Movie,Animated,,https://m.media-amazon.com/images/I/51SXQYHTFRL._AC_SY580_.jpg
Treasure Planet,2002,Disney,Movie,Animated,,https://m.media-amazon.com/images/M/MV5BNGI0N2EzZDktNDY3OS00NWFmLTgxZjEtMTc1OTNlMzQxNDZkXkEyXkFqcGdeQXVyNTAyODkwOQ@@._V1_.jpg
Lilo & Stitch,2002,Disney,Movie,Animated,,https://lumiere-a.akamaihd.net/v1/images/p_liloandstitch_19755_0ba5c55e.jpeg?region=0%2C0%2C540%2C810
Cinderella II: Dreams Come True,2002,Disney,Movie,Animated,,https://m.media-amazon.com/images/M/MV5BMWRhZTFkOTQtYmM2My00ZjM4LTk5NWYtNDk2MTQ4NjZjMjA1XkEyXkFqcGdeQXVyODU2MDg1NzU@._V1_FMjpg_UX1000_.jpg
Return to Never Land,2002,Disney,Movie,Animated,,https://lumiere-a.akamaihd.net/v1/images/p_returntoneverland_19645_fe995f93.jpeg
Piglet's Big Movie,2003,Disney,Movie,Animated,,https://m.media-amazon.com/images/I/51PS1YSQQ1L._SY445_.jpg
The Jungle Book 2,2003,Disney,Movie,Animated,,https://m.media-amazon.com/images/I/51XPAYT743L.jpg
Atlantis: Milo's Return,2003,Disney,Movie,Animated,,https://m.media-amazon.com/images/M/MV5BODJiZTEzNGEtNDkzNC00YTU3LWI2ODctYzY0OTU4NDQ3ZTU4XkEyXkFqcGdeQXVyNjk1Njg5NTA@._V1_FMjpg_UX1000_.jpg
101 Dalmatians 2: Patch's London Adventure,2003,Disney,Movie,Animated,,https://m.media-amazon.com/images/M/MV5BM2U0MDJkYWMtYmU0NS00ZjFkLWE2MTMtNzA5OTQ5ZWZiODI3XkEyXkFqcGdeQXVyNzY1NDgwNjQ@._V1_.jpg
Brother Bear,2003,Disney,Movie,Animated,,https://lumiere-a.akamaihd.net/v1/images/p_brotherbear_herobanner_19881_78856a54.jpeg?region=0%2C0%2C540%2C810
Winnie the Pooh: Springtime with Roo,2004,Disney,Movie,Animated,,https://m.media-amazon.com/images/M/MV5BNzMyNDY4ODA4Ml5BMl5BanBnXkFtZTgwMTIwNjAwNzE@._V1_.jpg
Howl's Moving Castle,2004,Disney,Movie,Animated,,https://m.media-amazon.com/images/M/MV5BNmM4YTFmMmItMGE3Yy00MmRkLTlmZGEtMzZlOTQzYjk3MzA2XkEyXkFqcGdeQXVyMTMxODk2OTU@._V1_.jpg
The Lion King 1 1/2,2004,Disney,Movie,Animated,,https://upload.wikimedia.org/wikipedia/en/a/a9/Lion_king_1_half_cover.jpg
Mickey's Twice Upon a Christmas,2004,Disney,Movie,Animated,,https://m.media-amazon.com/images/M/MV5BNGY1M2UyMzMtMTg2NC00YTkwLThiMTYtMTFiNWZiNTdhY2NhXkEyXkFqcGdeQXVyODk1MzE0Mzk@._V1_.jpg
Mulan II,2004,Disney,Movie,Animated,,https://m.media-amazon.com/images/M/MV5BODEzMmIxOGMtY2RhYS00YTFiLThkZmYtMDlmZGJlYzg0NWEzXkEyXkFqcGdeQXVyNjk1Njg5NTA@._V1_FMjpg_UX1000_.jpg
"Three Musketeers, The (Animated)",2004,Disney,Movie,Animated,,https://upload.wikimedia.org/wikipedia/en/a/a1/Mickey%2C_Donald%2C_Goofy_-_The_Three_Musketeers_poster.jpg
Kronk's New Groove,2005,Disney,Movie,Animated,,https://upload.wikimedia.org/wikipedia/en/6/63/Kronk%27s_New_Groove_cover.jpg
Lilo and Stitch 2: Stitch Has a Glitch,2005,Disney,Movie,Animated,,https://m.media-amazon.com/images/M/MV5BMTU0Mzc5MjM2N15BMl5BanBnXkFtZTgwMjUzNjAwNzE@._V1_.jpg
Pooh's Heffalump Movie,2005,Disney,Movie,Animated,,https://m.media-amazon.com/images/I/519P8SPE66L._SY445_.jpg
Chicken Little,2005,Disney,Movie,Animated,,https://lumiere-a.akamaihd.net/v1/images/p_chickenlittle_19875_fb03d7b2.jpeg
Valiant,2005,Disney,Movie,Animated,,https://m.media-amazon.com/images/M/MV5BYWQ4ZDVhMDUtNTFjNi00YWE1LWI0NTMtYTZhZTFlZTE2NWY2XkEyXkFqcGdeQXVyNjIzODI5OTQ@._V1_.jpg
Pooh's Heffalump Halloween Movie,2005,Disney,Movie,Animated,,https://m.media-amazon.com/images/I/51WRSESF90L._SY445_.jpg
The Wild,2006,Disney,Movie,Animated,,https://static.wikia.nocookie.net/disney/images/2/28/The_Wild_2006_soundtrack.jpg/revision/latest?cb=20210409203408
Bambi II,2006,Disney,Movie,Animated,,https://upload.wikimedia.org/wikipedia/en/e/e4/Bambi_II.jpg
The Fox and the Hound 2,2006,Disney,Movie,Animated,,https://m.media-amazon.com/images/M/MV5BNzhmNTM4YmQtMTM4Yi00OTIyLWJjN2ItZGE0NmUwODZmOWFlXkEyXkFqcGdeQXVyMTY5Nzc4MDY@._V1_.jpg
Brother Bear 2,2006,Disney,Movie,Animated,,https://m.media-amazon.com/images/M/MV5BM2U2N2M3M2EtMzQxYi00Mjk0LTlhNzItZDA5MDgxZDU2YmFjXkEyXkFqcGdeQXVyNjExODE1MDc@._V1_.jpg
Meet the Robinsons,2007,Disney,Movie,Animated,,https://m.media-amazon.com/images/M/MV5BMTI0NDY4MTEyOF5BMl5BanBnXkFtZTYwODgwMzA3._V1_.jpg
Cinderella III: A Twist in Time,2007,Disney,Movie,Animated,,https://m.media-amazon.com/images/M/MV5BYmRjMzk3ZjItMDMzMS00ZDNmLThkYzctZjk4ZjhlNDM2NDBjXkEyXkFqcGdeQXVyODU2MDg1NzU@._V1_FMjpg_UX1000_.jpg
"Secret of the Magic Gourd, The",2007,Disney,Movie,Animated,,https://m.media-amazon.com/images/I/51TsVJHG1EL.jpg
My Friends Tigger and Pooh: Super Sleuth Christmas,2007,Disney,Movie,Animated,,https://m.media-amazon.com/images/I/5144O1GnkGL._SY445_.jpg
Little Mermaid III - Ariel's Beginning,2008,Disney,Movie,Animated,,https://upload.wikimedia.org/wikipedia/en/7/79/TLMArielsBeginningDVD.jpg
Tinker Bell,2008,Disney,Movie,Animated,,https://m.media-amazon.com/images/M/MV5BOWQzNTVmZDgtNzcwYi00YzY1LTllNzgtNjA0N2QwNTRlOTFmXkEyXkFqcGdeQXVyNDE5MTU2MDE@._V1_.jpg
Bolt,2008,Disney,Movie,Animated,,https://m.media-amazon.com/images/M/MV5BNDQyNDE5NjQ1N15BMl5BanBnXkFtZTcwMDExMTAwMg@@._V1_FMjpg_UX1000_.jpg
Tinker Bell and the Lost Treasure,2009,Disney,Movie,Animated,,https://upload.wikimedia.org/wikipedia/en/2/20/Tinker_bell_and_the_lost_treasure_filmposter.jpg
Tigger & Pooh and a Musical Too,2009,Disney,Movie,Animated,,https://m.media-amazon.com/images/I/61rpLqEVbhL.jpg
Ponyo,2009,Disney,Movie,Animated,,https://static.wikia.nocookie.net/disneyfanon/images/0/0c/Ponyo_-_Poster.jpg/revision/latest/top-crop/width/360/height/450?cb=20210203004520
"Christmas Carol, A",2009,Disney,Movie,Animated,,https://m.media-amazon.com/images/M/MV5BMTM1MTI5ODU4MV5BMl5BanBnXkFtZTcwNTYyNTU4Mg@@._V1_.jpg
The Princess and the Frog,2009,Disney,Movie,Animated,,https://lumiere-a.akamaihd.net/v1/images/p_theprincessandthefrog_20499_1c5f55a1.jpeg
Tinker Bell and the Great Fairy Rescue,2010,Disney,Movie,Animated,,Tinker Bell and the Great Fairy Rescue
Tangled,2010,Disney,Movie,Animated,,https://upload.wikimedia.org/wikipedia/en/a/a8/Tangled_poster.jpg
Winnie the Pooh,2011,Disney,Movie,Animated,,https://m.media-amazon.com/images/M/MV5BYzBlYTJkMGQtYzQ4MS00Zjk3LTk4MmEtYTZiNTEzNmRlMjUxXkEyXkFqcGdeQXVyMzI0NDc4ODY@._V1_.jpg
Phineas & Ferb: Across the 2nd Dimension,2011,Disney,Movie,Animated,,https://upload.wikimedia.org/wikipedia/en/c/c5/Phineas_and_Ferb_Across_the_2nd_Dimension_poster.jpg
Mars Needs Moms,2011,Disney,Movie,Animated,,https://m.media-amazon.com/images/M/MV5BOTA0MTQ2Mzc3N15BMl5BanBnXkFtZTcwNzA4ODAwNA@@._V1_FMjpg_UX1000_.jpg
Tinker Bell: Secret of the Wings,2012,Disney,Movie,Animated,,https://upload.wikimedia.org/wikipedia/en/2/27/Secret_of_the_Wings_DVD_cover.jpg
Sofia the First: Once Upon a Princess,2012,Disney,Movie,Animated,,https://m.media-amazon.com/images/M/MV5BNjZjMzY5MGItNmYxZi00NzMzLWIyZmQtMzhiODg4MmM1ZDEzXkEyXkFqcGdeQXVyODc2MzUyNA@@._V1_.jpg
The Secret World of Arrietty,2012,Disney,Movie,Animated,,https://m.media-amazon.com/images/M/MV5BZDY3ZGI0ZDAtMThlNy00MzAxLTg4YjAtNjkwYTkxNmQ4MjdlXkEyXkFqcGdeQXVyMTMxODk2OTU@._V1_.jpg
Frankenweenie,2012,Disney,Movie,Animated,,https://m.media-amazon.com/images/M/MV5BMjIxODY3MjEwNV5BMl5BanBnXkFtZTcwOTMzNjc4Nw@@._V1_.jpg
Wreck-It Ralph,2012,Disney,Movie,Animated,,https://lumiere-a.akamaihd.net/v1/images/p_wreckitralph_19752_83f6b699.jpeg
Planes,2013,Disney,Movie,Animated,,https://lumiere-a.akamaihd.net/v1/images/p_planes_19869_cdb69e0c.jpeg
Frozen,2013,Disney,Movie,Animated,,https://lumiere-a.akamaihd.net/v1/images/p_frozen_18373_3131259c.jpeg?region=0%2C0%2C540%2C810
Big Hero 6,2014,Disney,Movie,Animated,,https://lumiere-a.akamaihd.net/v1/images/p_bighero6_19753_20bd6206.jpeg
Planes: Fire Rescue,2014,Disney,Movie,Animated,,https://upload.wikimedia.org/wikipedia/en/c/cc/Planes_Fire_%26_Rescue_poster.jpg
Tinkerbell and the Legend of the Neverbeast,2015,Disney,Movie,Animated,,Tinkerbell and the Legend of the Neverbeast
Zootopia,2016,Disney,Movie,Animated,,https://m.media-amazon.com/images/M/MV5BOTMyMjEyNzIzMV5BMl5BanBnXkFtZTgwNzIyNjU0NzE@._V1_FMjpg_UX1000_.jpg
Moana,2016,Disney,Movie,Animated,,https://m.media-amazon.com/images/I/A1JOaV3B6fL._AC_SY679_.jpg
Ralph Breaks the Internet,2018,Disney,Movie,Animated,,https://lumiere-a.akamaihd.net/v1/images/image_94f89ec1.jpeg
Halloweentown,1998,Disney Channel,Movie,Animated,,https://m.media-amazon.com/images/M/MV5BOTAyYjQ3NjctNGMzNi00YThkLThmYzUtZDViYWZkMDA2YTMyL2ltYWdlL2ltYWdlXkEyXkFqcGdeQXVyNjAwMjc0NjQ@._V1_.jpg
Johnny Tsunami,1999,Disney Channel,Movie,Live Action,,https://m.media-amazon.com/images/M/MV5BMmI0NDY2YjctOTc1OC00NWNlLTlkNDAtNzNhMmE1YTAyZTBjXkEyXkFqcGdeQXVyNjc3MjQzNTI@._V1_.jpg
Don't Look Under The Bed,1999,Disney Channel,Movie,Animated,,https://m.media-amazon.com/images/M/MV5BOGMxN2YyMTMtYTBkYS00NGJmLWJlMjktOTk5NzdiYWI1MjhmXkEyXkFqcGdeQXVyNjc3MjQzNTI@._V1_.jpg
The Thirteenth Year,1999,Disney Channel,Movie,Animated,,https://m.media-amazon.com/images/M/MV5BMjk4YjA0YzUtNDk5NS00NmViLTlmYWUtYTlhYzYzMmNhZmQ1XkEyXkFqcGdeQXVyNjk1Njg5NTA@._V1_.jpg
Horse Sense,1999,Disney Channel,Movie,Live Action,,https://m.media-amazon.com/images/M/MV5BMTgyNTMyNTMzOV5BMl5BanBnXkFtZTgwNTkzNzY0NzE@._V1_.jpg
Can of Worms,1999,Disney Channel,Movie,Live Action,,https://m.media-amazon.com/images/M/MV5BZGRjYzQxNjMtMGE4OS00MmZlLWJmNjktNTk1NjBlMDQzMTU2XkEyXkFqcGdeQXVyMTIwMjY0NjQz._V1_FMjpg_UX1000_.jpg
Smart House,1999,Disney Channel,Movie,Live Action,,https://m.media-amazon.com/images/M/MV5BMTgzMDAyNzY3MV5BMl5BanBnXkFtZTcwNDU0NjgxMQ@@._V1_FMjpg_UX1000_.jpg
Genius,1999,Disney Channel,Movie,Live Action,,https://m.media-amazon.com/images/M/MV5BN2QxMTQ1NmQtZDI3NC00MDE0LWEwZWItZjkwZTg2YmI1MGUzXkEyXkFqcGdeQXVyMTA1OTAyOTI@._V1_FMjpg_UX1000_.jpg
Zenon: Girl of the 21st Century,1999,Disney Channel,Movie,Live Action,,https://m.media-amazon.com/images/M/MV5BMDljNGI1M2ItNjVhMy00YWViLWE1N2EtOGM4ZjcwNzY4YTIwXkEyXkFqcGdeQXVyNjc3MjQzNTI@._V1_.jpg
Mom's Got A Date With A Vampire,2000,Disney Channel,Movie,Live Action,,https://m.media-amazon.com/images/M/MV5BMTUzMTEyMTM4Nl5BMl5BanBnXkFtZTgwODQ3NDM0NzE@._V1_.jpg
Miracle in Lane 2,2000,Disney Channel,Movie,Live Action,,https://m.media-amazon.com/images/M/MV5BODEyNzAwNzMzOV5BMl5BanBnXkFtZTcwMjg5NTUyMQ@@._V1_.jpg
The Other Me,2000,Disney Channel,Movie,Live Action,,https://upload.wikimedia.org/wikipedia/en/1/19/Other_Me_promoposter.jpg
Stepsister From Planet Weird,2000,Disney Channel,Movie,Live Action,,https://upload.wikimedia.org/wikipedia/en/9/94/Stepsister_from_Planet_Weird.jpg
Quints,2000,Disney Channel,Movie,Live Action,,https://m.media-amazon.com/images/M/MV5BM2U4OWNmZjQtYTMzOC00Yzg3LWEzNGUtMzNkYTNlOTNhN2EwXkEyXkFqcGdeQXVyMTYzMzYxMQ@@._V1_.jpg
Ready to Run,2000,Disney Channel,Movie,Live Action,,https://m.media-amazon.com/images/M/MV5BMTc0OTk2NjQ0M15BMl5BanBnXkFtZTgwOTY3NDM0NzE@._V1_FMjpg_UX1000_.jpg
The Ultimate Christmas Present,2000,Disney Channel,Movie,Live Action,,https://m.media-amazon.com/images/M/MV5BMjA5NTgxNzMzM15BMl5BanBnXkFtZTgwMTQ3NTgwMzE@._V1_.jpg
"Up, Up, and Away",2000,Disney Channel,Movie,Live Action,,https://upload.wikimedia.org/wikipedia/en/b/b9/UpUpandAwayfilm.jpg
The Color of Friendship,2000,Disney Channel,Movie,Live Action,,https://upload.wikimedia.org/wikipedia/en/e/ec/The_Color_of_Friendship.jpg
Alley Cats Strike,2000,Disney Channel,Movie,Live Action,,https://m.media-amazon.com/images/M/MV5BMTUxMDA0OTkyM15BMl5BanBnXkFtZTcwOTk1MzgxMQ@@._V1_.jpg
Phantom of the Megaplex,2000,Disney Channel,Movie,Live Action,,https://m.media-amazon.com/images/M/MV5BY2FhYzQ4MjQtY2ZkZS00ZjM2LWJiYmYtNzRhZThmNzc5MzcyXkEyXkFqcGdeQXVyNTE4MzAyNDk@._V1_.jpg
Rip Girls,2000,Disney Channel,Movie,Live Action,,https://m.media-amazon.com/images/M/MV5BMTEyNzgzNzU0MzNeQTJeQWpwZ15BbWU4MDY1NzQzNDcx._V1_.jpg
Zenon: The Zequel,2001,Disney Channel,Movie,Live Action,,https://static.wikia.nocookie.net/disney/images/0/0f/Zenonzequel.jpg/revision/latest?cb=20121016001910
Jumping Ship,2001,Disney Channel,Movie,Live Action,,https://upload.wikimedia.org/wikipedia/en/9/9e/Jumping_Ship_Promo_Poster.jpg
Hounded,2001,Disney Channel,Movie,Live Action,,https://upload.wikimedia.org/wikipedia/en/6/6b/Disney%27s_Hounded.jpg
Jett Jackson: The Movie,2001,Disney Channel,Movie,Live Action,,https://m.media-amazon.com/images/M/MV5BMTU5ODIyODcwOV5BMl5BanBnXkFtZTcwODQ0MDUyMQ@@._V1_.jpg
The Jennie Project,2001,Disney Channel,Movie,Live Action,,https://upload.wikimedia.org/wikipedia/en/8/80/The_Jennie_Project.jpg
Twas the Night,2001,Disney Channel,Movie,Live Action,,https://imagineimmortality.files.wordpress.com/2020/07/twas-the-night.jpg
The Luck of the Irish,2001,Disney Channel,Movie,Live Action,,https://m.media-amazon.com/images/M/MV5BMDIxNmNhMmQtZGU0YS00MDVhLWE3NTQtMzViZjQ1NGMwOTIwXkEyXkFqcGdeQXVyNjc3MjQzNTI@._V1_.jpg
The Poof Point,2001,Disney Channel,Movie,Live Action,,https://upload.wikimedia.org/wikipedia/en/a/a5/The_Poof_Point.jpg
Motocrossed,2001,Disney Channel,Movie,Live Action,,https://m.media-amazon.com/images/M/MV5BZGFhZDhhNWUtNjM1Ny00YWU1LWI1OWMtNzRiNWM2ZTU2ZDRkXkEyXkFqcGdeQXVyNjc3MjQzNTI@._V1_FMjpg_UX1000_.jpg
Halloweentown II: Kalabar's Revenge,2001,Disney Channel,Movie,Live Action,,https://m.media-amazon.com/images/M/MV5BMTczNTM2MDU5OF5BMl5BanBnXkFtZTgwMDcxNjgwMzE@._V1_.jpg
Cadet Kelly,2002,Disney Channel,Movie,Live Action,,https://m.media-amazon.com/images/M/MV5BY2JkYWY1NWItZjRkMC00MjBmLWI2Y2MtYzkzMmE2ODJiZjU2L2ltYWdlXkEyXkFqcGdeQXVyNTE4MzAyNDk@._V1_FMjpg_UX1000_.jpg
Get a Clue,2002,Disney Channel,Movie,Live Action,,https://lumiere-a.akamaihd.net/v1/images/p_getaclue_20501_3a8339ef.jpeg
Double Teamed,2002,Disney Channel,Movie,Live Action,,https://m.media-amazon.com/images/M/MV5BODFjM2MyYWUtNDYyNS00M2I2LTkyYjYtZWM3MzMzYjQwMTUwXkEyXkFqcGdeQXVyNjc3MjQzNTI@._V1_.jpg
Eddie's Million Dollar Cook-Off,2003,Disney Channel,Movie,Live Action,,https://m.media-amazon.com/images/M/MV5BMTcyMzYzMzY0Nl5BMl5BanBnXkFtZTcwNDcwNjAwMQ@@._V1_FMjpg_UX1000_.jpg
Kim Possible: A Sitch in Time,2003,Disney Channel,Movie,Live Action,,https://upload.wikimedia.org/wikipedia/en/1/1f/Kim_Possible_A_Sitch_in_Time.jpg
You Wish!,2003,Disney Channel,Movie,Live Action,,https://m.media-amazon.com/images/M/MV5BMjIyMTM4NjEzM15BMl5BanBnXkFtZTgwMDY3NDM0NzE@._V1_.jpg
Full-Court Miracle,2003,Disney Channel,Movie,Live Action,,https://m.media-amazon.com/images/M/MV5BMTU3MjIzMDMyNV5BMl5BanBnXkFtZTgwMjE5ODkwMzE@._V1_.jpg
The Cheetah Girls,2003,Disney Channel,Movie,Live Action,,https://m.media-amazon.com/images/M/MV5BMjY1ZjRjNjQtY2YyMy00NmMxLTkxNDAtYjZmNjkxNWY0Y2E5XkEyXkFqcGdeQXVyMTkzODUwNzk@._V1_.jpg
Right On Track,2003,Disney Channel,Movie,Live Action,,https://m.media-amazon.com/images/M/MV5BMjQyNTcwMjgwMV5BMl5BanBnXkFtZTgwMDU3NDM0NzE@._V1_FMjpg_UX1000_.jpg
The Even Stevens Movie,2003,Disney Channel,Movie,Live Action,,https://lumiere-a.akamaihd.net/v1/images/p_theevenstevensmovie_20502_8e272b09.png?region=0%2C0%2C540%2C810
Going to the Mat,2004,Disney Channel,Movie,Live Action,,https://upload.wikimedia.org/wikipedia/en/5/5f/GoingtotheMat.png
Halloweentown High,2004,Disney Channel,Movie,Live Action,,https://lumiere-a.akamaihd.net/v1/images/p_halloweentownhigh_20503-1_bd4d4712.jpeg
Pixel Perfect,2004,Disney Channel,Movie,Animated,,https://m.media-amazon.com/images/M/MV5BMDA0OTA4MTktMTIzMC00ZWQ1LTljNTctNDlkZmYxMDQxMGJjXkEyXkFqcGdeQXVyOTM1Njc1ODM@._V1_.jpg
Zenon: Z3,2004,Disney Channel,Movie,Live Action,,https://m.media-amazon.com/images/M/MV5BMTcwMTc2MTk4MV5BMl5BanBnXkFtZTgwMDY3ODYzMjE@._V1_FMjpg_UX1000_.jpg
Tiger Cruise,2004,Disney Channel,Movie,Animated,,https://upload.wikimedia.org/wikipedia/en/0/03/Tiger_cruise_print_ad.jpg
Stuck in the Suburbs,2004,Disney Channel,Movie,Live Action,,https://upload.wikimedia.org/wikipedia/en/7/73/Stuck_in_the_Suburbs.jpg
Go Figure,2005,Disney Channel,Movie,Live Action,,https://m.media-amazon.com/images/M/MV5BMTY3NjIxNjgyMV5BMl5BanBnXkFtZTgwMjY3NDM0NzE@._V1_.jpg
Buffalo Dreams,2005,Disney Channel,Movie,Live Action,,https://m.media-amazon.com/images/M/MV5BMTUwNzE4MzM4Ml5BMl5BanBnXkFtZTgwNTYzMTE0NzE@._V1_.jpg
The Proud Family Movie,2005,Disney Channel,Movie,Live Action,,https://upload.wikimedia.org/wikipedia/en/4/43/Disney_-_Proud_Family_Movie.jpg
Life is Ruff,2005,Disney Channel,Movie,Live Action,,https://m.media-amazon.com/images/M/MV5BMjMxMzIwODk4Ml5BMl5BanBnXkFtZTgwMTk0MDA2MDE@._V1_.jpg
Kim Possible Movie: So the Drama,2005,Disney Channel,Movie,Live Action,,https://static.wikia.nocookie.net/kimpossible/images/6/62/So_the_Drama_iTunes_cover_artwork.jpg/revision/latest?cb=20100818145457
Now You See It...,2005,Disney Channel,Movie,Live Action,,https://m.media-amazon.com/images/M/MV5BZWYzNmY4OWMtMmE4NC00ZDEyLWEyNmItNjI2OTIwZjY0M2Q0XkEyXkFqcGdeQXVyMTIwMjY0NjQz._V1_.jpg
Twitches,2005,Disney Channel,Movie,Live Action,,https://static.wikia.nocookie.net/disney/images/9/9e/Twitches.jpg/revision/latest?cb=20160702160707
Read It And Weep,2006,Disney Channel,Movie,Live Action,,https://m.media-amazon.com/images/M/MV5BMTQxOTg4MDMwNF5BMl5BanBnXkFtZTgwOTE5OTkwMzE@._V1_FMjpg_UX1000_.jpg
Return to Halloweentown,2006,Disney Channel,Movie,Animated,,https://m.media-amazon.com/images/M/MV5BMTA4NjE1OTU3MzZeQTJeQWpwZ15BbWU3MDEwNTkzNTE@._V1_FMjpg_UX1000_.jpg
High School Musical,2006,Disney Channel,Movie,Live Action,,https://m.media-amazon.com/images/M/MV5BZmQ3MWEyNTYtOTY1OC00MTljLWI3OGUtMmU1ZDc2OTYxNDQ4L2ltYWdlL2ltYWdlXkEyXkFqcGdeQXVyMTczNjQwOTY@._V1_.jpg
Wendy Wu: Homecoming Warrior,2006,Disney Channel,Movie,Live Action,,https://m.media-amazon.com/images/M/MV5BOTQyYWM2MzEtMjNiYS00OTY1LWJjYjctYmYxMThjZTFhNmI1XkEyXkFqcGdeQXVyODEwNDQ0Mzc@._V1_FMjpg_UX1000_.jpg
The Cheetah Girls 2,2006,Disney Channel,Movie,Live Action,,https://m.media-amazon.com/images/M/MV5BNzdjNDk0NzItNDJlMS00NGUwLWE2NTUtMjI5NGZlMTJiMWFiXkEyXkFqcGdeQXVyMTkzODUwNzk@._V1_.jpg
Cow Belles,2006,Disney Channel,Movie,Live Action,,https://lumiere-a.akamaihd.net/v1/images/p_cowbelles_19906_81b73bcc.jpeg?region=0%2C0%2C540%2C810
Johnny Kapahala: Back on Board,2007,Disney Channel,Movie,Live Action,,https://m.media-amazon.com/images/M/MV5BMjE1MzMyMTM5MV5BMl5BanBnXkFtZTcwOTk5NjA1MQ@@._V1_FMjpg_UX1000_.jpg
High School Musical 2,2007,Disney Channel,Movie,Live Action,,https://m.media-amazon.com/images/M/MV5BNjI5ODI4NTc1MF5BMl5BanBnXkFtZTgwMDg3ODYzMjE@._V1_.jpg
Jump In!,2007,Disney Channel,Movie,Live Action,,https://upload.wikimedia.org/wikipedia/en/e/e7/Jump_In%21_Poster.jpg
Twitches Too,2007,Disney Channel,Movie,Live Action,,https://m.media-amazon.com/images/M/MV5BYWYzZTQxMzktOGIyMy00ZDJhLWJjMTgtMmIwYzdjNDM4ZDRmXkEyXkFqcGdeQXVyNTk3MjU5NjA@._V1_.jpg
Minutemen,2008,Disney Channel,Movie,Live Action,,https://m.media-amazon.com/images/M/MV5BMjA1MDYyOTczMF5BMl5BanBnXkFtZTcwNTc2NDU2MQ@@._V1_FMjpg_UX1000_.jpg
The Cheetah Girls: One World,2008,Disney Channel,Movie,Live Action,,https://lumiere-a.akamaihd.net/v1/images/p_thecheetahgirlsoneworld_20567_b603ed7e.jpeg
Camp Rock,2008,Disney Channel,Movie,Live Action,,https://upload.wikimedia.org/wikipedia/en/e/e6/CampRockDVD.jpg
Princess Protection Program,2009,Disney Channel,Movie,Live Action,,https://m.media-amazon.com/images/M/MV5BNzc0ODkxYzUtYTI1YS00ODQzLTgzZTQtMDI4MzY5YTkzNDRiL2ltYWdlL2ltYWdlXkEyXkFqcGdeQXVyMTEwMTkwOTI@._V1_FMjpg_UX1000_.jpg
Hatching Pete,2009,Disney Channel,Movie,Live Action,,https://m.media-amazon.com/images/M/MV5BMjMwODYyODUxNF5BMl5BanBnXkFtZTgwNDcxMzcwMzE@._V1_.jpg
Wizards of Waverly Place: The Movie,2009,Disney Channel,Movie,Live Action,,https://upload.wikimedia.org/wikipedia/en/1/1a/Wizards_of_Waverly_Place_The_Movie_poster.jpg
Dadnapped,2009,Disney Channel,Movie,Live Action,,https://m.media-amazon.com/images/M/MV5BZGViNTlhMDgtZmUwZS00MzM3LWFmOTUtOWI1NjQ1NWFkNDQxXkEyXkFqcGdeQXVyMjY0NjEwMDM@._V1_.jpg
Camp Rock 2: The Final Jam,2010,Disney Channel,Movie,Live Action,,https://upload.wikimedia.org/wikipedia/en/c/c8/CampRock2DVD.jpg
Star Struck,2010,Disney Channel,Movie,Live Action,,https://m.media-amazon.com/images/I/710+DmgYq2L._SL1083_.jpg
Den Brother,2010,Disney Channel,Movie,Live Action,,https://upload.wikimedia.org/wikipedia/en/9/90/Den_Brother.png
Avalon High,2010,Disney Channel,Movie,Live Action,,https://m.media-amazon.com/images/M/MV5BZTM4MmQyOTItOGZhYi00ZWMzLTgyMWMtNDIwZTM2NGJkYzAxXkEyXkFqcGdeQXVyNDgyODgxNjE@._V1_.jpg
The Suite Life Movie,2011,Disney Channel,Movie,Live Action,,https://m.media-amazon.com/images/M/MV5BMTczODczNzE1NF5BMl5BanBnXkFtZTgwNjkxNTA2MDE@._V1_.jpg
Geek Charming,2011,Disney Channel,Movie,Live Action,,https://m.media-amazon.com/images/M/MV5BMzQ0M2I2MDUtNTQxYi00ZTczLTlhN2QtZjJkNTUzYWQ4OTYwXkEyXkFqcGdeQXVyNjQ2MjQ5NzM@._V1_.jpg
Lemonade Mouth,2011,Disney Channel,Movie,Live Action,,https://m.media-amazon.com/images/M/MV5BMDQ4YjVhNDQtNjZiNS00NDgyLWE3ODYtOWFkNWVkZDk0MDY1XkEyXkFqcGdeQXVyNTk5NDY5Njc@._V1_.jpg
Radio Rebel,2012,Disney Channel,Movie,Live Action,,https://m.media-amazon.com/images/M/MV5BMzNjNzU5YzgtMjZlNi00OTk0LTk2NTUtNjA2NGJjZDg3NjU0XkEyXkFqcGdeQXVyNDgyODgxNjE@._V1_.jpg
Girl vs. Monster,2012,Disney Channel,Movie,Live Action,,https://m.media-amazon.com/images/M/MV5BZmYxYTgyMDUtMTc0OC00MTYwLTgzYzItNzIwMzYzY2EzOTRhXkEyXkFqcGdeQXVyMjA0MzYwMDY@._V1_.jpg
Frenemies,2012,Disney Channel,Movie,Live Action,,https://m.media-amazon.com/images/M/MV5BMWI4MDc3NTYtOTkwMS00ZDE3LWJiZDUtM2ZjNWExNmRkNDc5L2ltYWdlL2ltYWdlXkEyXkFqcGdeQXVyMTEwMTkwOTI@._V1_.jpg
Let It Shine,2012,Disney Channel,Movie,Live Action,,https://lumiere-a.akamaihd.net/v1/images/open-uri20150422-12561-1sa7i4b_74ff3204.jpeg
Teen Beach Movie,2013,Disney Channel,Movie,Live Action,,https://m.media-amazon.com/images/M/MV5BMTQzMjc1OTU5NF5BMl5BanBnXkFtZTgwODIwMTEwMDE@._V1_.jpg
Zapped,2014,Disney Channel,Movie,Live Action,,https://upload.wikimedia.org/wikipedia/en/9/91/Zapped_2014_Poster.jpg
Cloud 9,2014,Disney Channel,Movie,Live Action,,https://m.media-amazon.com/images/M/MV5BNWQ0M2EwNWMtNmQxZS00M2NjLWEwYWQtNTU3OWVlMjdjMDRiXkEyXkFqcGdeQXVyMzU5NjU1MDA@._V1_.jpg
How To Build A Better Boy,2014,Disney Channel,Movie,Live Action,,https://upload.wikimedia.org/wikipedia/en/d/d9/How_to_Build_a_Better_Boy.jpg
Teen Beach Movie 2,2015,Disney Channel,Movie,Live Action,,"https://m.media-amazon.com/images/M/MV5BMjM5MjA0NDAzNF5BMl5BanBnXkFtZTgwNTY4NDkxNjE@._V1_UY1200_CR90,0,630,1200_AL_.jpg"
Descendants,2015,Disney Channel,Movie,Live Action,,https://m.media-amazon.com/images/M/MV5BMjI5MTA4MTk2N15BMl5BanBnXkFtZTgwNjY2NDUwMjI@._V1_.jpg
Bad Hair Day,2015,Disney Channel,Movie,Live Action,,https://m.media-amazon.com/images/M/MV5BMjEwMzgxMTY0MV5BMl5BanBnXkFtZTgwNzMwMTMxNDE@._V1_.jpg
The Swap,2016,Disney Channel,Movie,Live Action,,https://m.media-amazon.com/images/M/MV5BMjI0NjgyNjA1MV5BMl5BanBnXkFtZTgwNDQ0MDUyMDI@._V1_.jpg
Adventures in Babysitting,2016,Disney Channel,Movie,Live Action,,https://lumiere-a.akamaihd.net/v1/images/p_adventuresinbabysitting_19880_9095ed3e.jpeg
Tangled: Before Ever After,2017,Disney Channel,Movie,Live Action,,https://m.media-amazon.com/images/I/51SBBp0EAKL.jpg
Descendants 2,2017,Disney Channel,Movie,Live Action,,https://m.media-amazon.com/images/M/MV5BMjI5MTA4MTk2N15BMl5BanBnXkFtZTgwNjY2NDUwMjI@._V1_.jpg
Freaky Friday,2018,Disney Channel,Movie,Live Action,,https://m.media-amazon.com/images/M/MV5BMTViMzZlMDctNzc3ZS00YjM5LTk4MDAtMWVlZTZiNzg4ZmVkXkEyXkFqcGdeQXVyMTgxMjYxOQ@@._V1_.jpg
Zombies,2018,Disney Channel,Movie,Live Action,,https://m.media-amazon.com/images/I/81d1wYjPqUL._SL1500_.jpg
Descendants 3,2019,Disney Channel,Movie,Live Action,,https://m.media-amazon.com/images/I/71vLW4TCyOL._SL1374_.jpg
Star Wars Episode IV: A New Hope,1977,Lucasfilm,Movie,Live Action,,https://images-na.ssl-images-amazon.com/images/I/81aA7hEEykL.jpg
Star Wars Episode V: The Empire Strikes Back,1980,Lucasfilm,Movie,Live Action,,https://images-na.ssl-images-amazon.com/images/I/91eOgodm4nL.jpg
Star Wars Episode VI: Return of the Jedi,1983,Lucasfilm,Movie,Live Action,,https://m.media-amazon.com/images/I/91LlN7J+Z9L._SL1500_.jpg
Star Wars Episode I: The Phantom Menace,1999,Lucasfilm,Movie,Live Action,,https://m.media-amazon.com/images/M/MV5BYTRhNjcwNWQtMGJmMi00NmQyLWE2YzItODVmMTdjNWI0ZDA2XkEyXkFqcGdeQXVyNTAyODkwOQ@@._V1_.jpg
Star Wars Episode II: Attack of the Clones,2002,Lucasfilm,Movie,Live Action,,https://m.media-amazon.com/images/M/MV5BMDAzM2M0Y2UtZjRmZi00MzVlLTg4MjEtOTE3NzU5ZDVlMTU5XkEyXkFqcGdeQXVyNDUyOTg3Njg@._V1_.jpg
Star Wars Episode III: Revenge of the Sith,2005,Lucasfilm,Movie,Live Action,,https://m.media-amazon.com/images/M/MV5BNTc4MTc3NTQ5OF5BMl5BanBnXkFtZTcwOTg0NjI4NA@@._V1_.jpg
Star Wars Episode VII: The Force Awakens,2016,Lucasfilm,Movie,Live Action,,https://m.media-amazon.com/images/M/MV5BOTAzODEzNDAzMl5BMl5BanBnXkFtZTgwMDU1MTgzNzE@._V1_.jpg
Star Wars Episode VIII: The Last Jedi,2017,Lucasfilm,Movie,Live Action,,https://m.media-amazon.com/images/M/MV5BMjQ1MzcxNjg4N15BMl5BanBnXkFtZTgwNzgwMjY4MzI@._V1_.jpg
Star Wars Episode IX: The Rise of Skywalker,2019,Lucasfilm,Movie,Live Action,,https://m.media-amazon.com/images/M/MV5BMDljNTQ5ODItZmQwMy00M2ExLTljOTQtZTVjNGE2NTg0NGIxXkEyXkFqcGdeQXVyODkzNTgxMDg@._V1_.jpg
Solo: A Star Wars Story,2018,Lucasfilm,Movie,Live Action,,https://m.media-amazon.com/images/M/MV5BOTM2NTI3NTc3Nl5BMl5BanBnXkFtZTgwNzM1OTQyNTM@._V1_.jpg
Rogue One: A Star Wars Story,2016,Lucasfilm,Movie,Live Action,,https://m.media-amazon.com/images/M/MV5BMjEwMzMxODIzOV5BMl5BanBnXkFtZTgwNzg3OTAzMDI@._V1_.jpg
Frozen II,2019,Disney,Movie,Animated,,https://lumiere-a.akamaihd.net/v1/images/p_frozen2_19644_4c4b423d.jpeg
Raya and the Last Dragon,2021,Disney,Movie,Animated,,https://lumiere-a.akamaihd.net/v1/images/p_rayaandthelastdragon_21294_83346778.jpeg
Encanto,2021,Disney,Movie,Animated,,https://lumiere-a.akamaihd.net/v1/images/p_encanto_homeent_22359_4892ae1c.jpeg
Pirates of the Caribbean: The Curse of the Black Pearl,2003,Disney,Movie,Live Action,,https://m.media-amazon.com/images/M/MV5BNGYyZGM5MGMtYTY2Ni00M2Y1LWIzNjQtYWUzM2VlNGVhMDNhXkEyXkFqcGdeQXVyMTMxODk2OTU@._V1_.jpg
Pirates of the Caribbean: Dead Man's Chest,2006,Disney,Movie,Live Action,,"https://m.media-amazon.com/images/M/MV5BNWY5NDEwMTctZmZhMS00MjBhLTkxM2MtZGM3ZWFiN2MxMTk0XkEyXkFqcGdeQXVyNTc0NjY1ODk@._V1_UY1200_CR113,0,630,1200_AL_.jpg"
Pirates of the Caribbean: At World's End,2007,Disney,Movie,Live Action,,https://upload.wikimedia.org/wikipedia/en/5/5a/Pirates_AWE_Poster.jpg
Pirates of the Caribbean: On Stranger Tides,2011,Disney,Movie,Live Action,,https://m.media-amazon.com/images/M/MV5BMjE5MjkwODI3Nl5BMl5BanBnXkFtZTcwNjcwMDk4NA@@._V1_.jpg
Pirates of the Caribbean: Dead Men Tell No Tales,2017,Disney,Movie,Live Action,,https://m.media-amazon.com/images/M/MV5BMTYyMTcxNzc5M15BMl5BanBnXkFtZTgwOTg2ODE2MTI@._V1_.jpg
Mulan (Live Action),2020,Disney,Movie,Live Action,,https://7dc5f9c302988d43c636-51de7546475c5be082f6be8c068504af.ssl.cf1.rackcdn.com/article/image/large_bd1c21b9-d260-4e10-9cb4-f6be7208c91a.jpg
Hamilton,2020,Disney,Movie,Live Action,,https://m.media-amazon.com/images/M/MV5BNjViNWRjYWEtZTI0NC00N2E3LTk0NGQtMjY4NTM3OGNkZjY0XkEyXkFqcGdeQXVyMjUxMTY3ODM@._V1_.jpg
Cruella,2021,Disney,Movie,Live Action,,https://lumiere-a.akamaihd.net/v1/images/p_cruella_21672_ba40c762.jpeg
Jungle Cruise,2021,Disney,Movie,Live Action,,https://m.media-amazon.com/images/M/MV5BNDE1MGRlNTQtZjc4ZC00MTI0LWEwY2MtODk1YTM2NmFmYTNmXkEyXkFqcGdeQXVyODk4OTc3MTY@._V1_.jpg
Beauty and the Beast (Live Action),2017,Disney,Movie,Live Action,,https://m.media-amazon.com/images/M/MV5BMTUwNjUxMTM4NV5BMl5BanBnXkFtZTgwODExMDQzMTI@._V1_.jpg
Zombies 2,2020,Disney Channel,Movie,Live Action,,https://m.media-amazon.com/images/I/71xJT2ZgbkL._SL1200_.jpg
Spin,2021,Disney Channel,Movie,Live Action,,https://m.media-amazon.com/images/M/MV5BNGI1N2Y1NzMtMTFhOC00NWYxLWFmZmMtNmUzZmY3Y2MxYWEyXkEyXkFqcGdeQXVyMTEzMTI1Mjk3._V1_FMjpg_UX1000_.jpg
Iron Man,2008,Marvel,Movie,Live Action,1,https://www.powerofpop.com/wp-content/uploads/2021/02/Iron-Man-2008-600x586.jpg
The Incredible Hulk,2008,Marvel,Movie,Live Action,1,https://m.media-amazon.com/images/M/MV5BMTUyNzk3MjA1OF5BMl5BanBnXkFtZTcwMTE1Njg2MQ@@._V1_.jpg
Iron Man 2,2010,Marvel,Movie,Live Action,1,https://m.media-amazon.com/images/M/MV5BMTM0MDgwNjMyMl5BMl5BanBnXkFtZTcwNTg3NzAzMw@@._V1_FMjpg_UX1000_.jpg
Captain America: The First Avenger,2011,Marvel,Movie,Live Action,1,https://m.media-amazon.com/images/M/MV5BMTYzOTc2NzU3N15BMl5BanBnXkFtZTcwNjY3MDE3NQ@@._V1_FMjpg_UX1000_.jpg
Marvel's The Avengers,2012,Marvel,Movie,Live Action,1,https://static.wikia.nocookie.net/cinemorgue/images/f/f7/Marvels-The-Avengers.jpg/revision/latest?cb=20141105052650
Iron Man 3,2013,Marvel,Movie,Live Action,2,https://m.media-amazon.com/images/M/MV5BMjE5MzcyNjk1M15BMl5BanBnXkFtZTcwMjQ4MjcxOQ@@._V1_.jpg
Thor: The Dark World,2013,Marvel,Movie,Live Action,2,https://m.media-amazon.com/images/M/MV5BMTQyNzAwOTUxOF5BMl5BanBnXkFtZTcwMTE0OTc5OQ@@._V1_FMjpg_UX1000_.jpg
Captain America: The Winter Soldier,2014,Marvel,Movie,Live Action,2,https://m.media-amazon.com/images/M/MV5BMzA2NDkwODAwM15BMl5BanBnXkFtZTgwODk5MTgzMTE@._V1_FMjpg_UX1000_.jpg
Guardians of the Galaxy,2014,Marvel,Movie,Live Action,2,https://m.media-amazon.com/images/M/MV5BMTAwMjU5OTgxNjZeQTJeQWpwZ15BbWU4MDUxNDYxODEx._V1_.jpg
Avengers: Age of Ultron,2015,Marvel,Movie,Live Action,2,https://m.media-amazon.com/images/M/MV5BMTM4OGJmNWMtOTM4Ni00NTE3LTg3MDItZmQxYjc4N2JhNmUxXkEyXkFqcGdeQXVyNTgzMDMzMTg@._V1_FMjpg_UX1000_.jpg
Ant-Man,2015,Marvel,Movie,Live Action,2,https://m.media-amazon.com/images/M/MV5BMjM2NTQ5Mzc2M15BMl5BanBnXkFtZTgwNTcxMDI2NTE@._V1_FMjpg_UX1000_.jpg
Captain America: Civil War,2016,Marvel,Movie,Live Action,3,https://m.media-amazon.com/images/M/MV5BMjQ0MTgyNjAxMV5BMl5BanBnXkFtZTgwNjUzMDkyODE@._V1_.jpg
Doctor Strange,2016,Marvel,Movie,Live Action,3,https://m.media-amazon.com/images/M/MV5BZDg5ZDg2MWQtM2ExNi00ZjEzLTgzMDQtZmJlYWEwYmM4ODUxXkEyXkFqcGdeQXVyMDM2NDM2MQ@@._V1_FMjpg_UX1000_.jpg
Guardians of the Galaxy Vol. 2,2017,Marvel,Movie,Live Action,3,https://lumiere-a.akamaihd.net/v1/images/p_guardiansofthegalaxyvol2_19888_6cc63663.jpeg
Spider-Man: Homecoming,2017,Marvel,Movie,Live Action,3,https://upload.wikimedia.org/wikipedia/en/f/f9/Spider-Man_Homecoming_poster.jpg
Thor: Ragnorok,2017,Marvel,Movie,Live Action,3,https://m.media-amazon.com/images/M/MV5BMjMyNDkzMzI1OF5BMl5BanBnXkFtZTgwODcxODg5MjI@._V1_.jpg
Black Panther,2018,Marvel,Movie,Live Action,3,https://m.media-amazon.com/images/M/MV5BMTg1MTY2MjYzNV5BMl5BanBnXkFtZTgwMTc4NTMwNDI@._V1_.jpg
Avengers: Infinity War,2018,Marvel,Movie,Live Action,3,https://m.media-amazon.com/images/M/MV5BMjMxNjY2MDU1OV5BMl5BanBnXkFtZTgwNzY1MTUwNTM@._V1_.jpg
Ant-Man and the Wasp,2018,Marvel,Movie,Live Action,3,https://m.media-amazon.com/images/M/MV5BYjcyYTk0N2YtMzc4ZC00Y2E0LWFkNDgtNjE1MzZmMGE1YjY1XkEyXkFqcGdeQXVyMTMxODk2OTU@._V1_.jpg
Captain Marvel,2019,Marvel,Movie,Live Action,3,https://m.media-amazon.com/images/M/MV5BMTE0YWFmOTMtYTU2ZS00ZTIxLWE3OTEtYTNiYzBkZjViZThiXkEyXkFqcGdeQXVyODMzMzQ4OTI@._V1_FMjpg_UX1000_.jpg
Avengers: Endgame,2019,Marvel,Movie,Live Action,3,https://lumiere-a.akamaihd.net/v1/images/p_avengersendgame_19751_e14a0104.jpeg?region=0%2C0%2C540%2C810
Spider-Man: Far From Home,2019,Marvel,Movie,Live Action,3,https://www.pinkvilla.com/imageresize/spider-man-far-from-home-review-main-image.jpg?width=752&format=webp&t=pvorg
Black Widow,2021,Marvel,Movie,Live Action,4,https://terrigen-cdn-dev.marvel.com/content/prod/1x/042_bluebayou_digital_keyart_teaser_r16_lg.jpg
Shang-Chi and the Legend of the Ten Rings,2021,Marvel,Movie,Live Action,4,https://boyertownstatetheatre.com/wp-content/uploads/2021/08/shang-chi.jpg
Eternals,2021,Marvel,Movie,Live Action,4,https://m.media-amazon.com/images/M/MV5BMTExZmVjY2ItYTAzYi00MDdlLWFlOWItNTJhMDRjMzQ5ZGY0XkEyXkFqcGdeQXVyODIyOTEyMzY@._V1_FMjpg_UX1000_.jpg
Spider-Man No Way Home,2021,Marvel,Movie,Live Action,4,https://terrigen-cdn-dev.marvel.com/content/prod/1x/spider-mannowayhome_lob_crd_03.jpg